metric_id,metric_name,description,unit,geography_levels,dwelling_type_dimension,preferred_source_id,calculation_notes,null_policy
median_sale_price,Median sale price,Median of arm's-length residential sale prices in the reference period,aud,"suburb,postcode",yes,nsw_vg_sales,Median over rolling 12 months when monthly volume is thin; minimum volume threshold applies,missing_stays_missing
sales_volume,Sales volume,Count of arm's-length residential sales in the reference period,count,"suburb,postcode",yes,nsw_vg_sales,Settlement-date basis; recent months revised as records arrive,missing_stays_missing
median_rent,Median weekly rent,Median weekly rent from new rental bond lodgements,aud_per_week,"suburb,postcode",yes,nsw_rental_bonds,New bonds only; not a stock measure,missing_stays_missing
gross_yield,Gross rental yield,Annualised median rent divided by median sale price,percent,"suburb,postcode",yes,derived,median_rent * 52 / median_sale_price * 100; only computed when both inputs pass quality checks,missing_stays_missing
population_growth_1y,Population growth (1 year),Year-on-year estimated resident population growth,percent,"suburb,postcode",no,abs_census,Interpolated between Census years from ABS ERP where available; flag interpolation in confidence,missing_stays_missing
population_growth_2016_2021_pct,Population growth (2016-2021),Census-to-Census population change across the 2016 and 2021 ASGS boundary editions,percent,"suburb,postcode",no,abs_correspondence_2016_2021,"Derived via ABS official population-weighted geographic correspondence (SSC 2016->SAL 2021, POA 2016->POA 2021), Good/Acceptable quality rows only; suppressed below a 50-person 2016 population base. Lineage carried in dedicated population_growth_method/confidence/correspondence_version columns, distinct from the row's direct-2021 geography_method/confidence_label. See CROSS_CENSUS_HARMONISATION_METHOD.md.",missing_stays_missing
dwelling_approvals_12m,Dwelling approvals (12 months),Rolling 12-month count of new dwelling approvals,count,"suburb,postcode",yes,abs_building_approvals,Allocated from SA2/LGA to suburb/postcode via correspondence weights,missing_stays_missing
data_coverage_score,Data coverage score,Share of expected metrics present for the geography and period,ratio_0_1,"suburb,postcode",no,derived,Computed at publication time from coverage_result,missing_stays_missing
confidence_label,Confidence label,Qualitative confidence derived from coverage and source quality,label,"suburb,postcode",no,derived,"high | medium | low | insufficient_data",missing_stays_missing
