name,type,location_relevance,official_url,audience,verified_public_size,target_customer_fit,recommended_permission_based_approach,rules_restrictions,cost,trust_spam_risks,priority,source,research_date
Property Investors Council of Australia (PICA),Association / advocacy body,National (covers SA; seeking SA state committee),https://pica.asn.au/,Australian property investors (existing + prospective),"~2M+ investors cited as constituency; paid membership base not published",High — self-identified active investors,"Join as a member ($5/yr); attend/participate honestly; ask the org (info@pica.asn.au) whether they permit member-benefit listings or an honest tool mention. Do NOT mass-DM members.","Not-for-profit advocacy body; member communications are theirs to control — request permission, no unsolicited promotion",A$5/year membership (published),"Low if permission-led; medium if seen as commercial solicitation of members",P2,"https://pica.asn.au/membership/ ; https://pica.asn.au/about-us/state-councils/",2026-08-16
Adelaide Property Chat (Investor IQ / Alexa Real Estate),Meetup group,Adelaide / SA (local),https://www.meetup.com/adelaidepropertychat/,"SA property investors, developers, renovators",Not public (Meetup member count to verify on page),High — local, active, deal-focused,"Attend as a paying/guest member; contribute value; ask the organiser's permission before any tool mention. Operator is a real-estate/buyer's-agency (Alexa Real Estate, Xenia Ioannou) — attend to meet investors, not to co-brand",Group is run by a commercial real-estate business; respect organiser rules; no self-promo without consent,Free / low (event-dependent),"Medium — organiser is competitor-adjacent (buyer's agency); independence + perceived-endorsement risk",P3,https://www.meetup.com/adelaidepropertychat/,2026-08-16
Adelaide Property Network (Investor IQ),Meetup group,Adelaide / SA (local),https://www.meetup.com/en-au/adelaide-property-network/,SA investors seeking networking + education,Not public (verify on Meetup page),Med-High — local networking, monthly meetups,"Attend, network 1:1 with consent; no group promotion without organiser permission. Same operator as Adelaide Property Chat",Organiser-controlled; self-promo rules apply,Free / low,"Medium — same buyer's-agency operator; independence risk",P3,https://www.meetup.com/en-au/adelaide-property-network/,2026-08-16
PropertyChat (propertychat.com.au),Online forum,National (active SA + Adelaide tags/sub-boards),https://www.propertychat.com.au/community/tags/south-australia/,Australian property investors (DIY, experienced),"Large national forum; exact member/active counts not public",Med — national not SA-only; strong DIY-investor intent,"Contribute genuinely first; follow the forum's self-promotion rules; only mention the beta where rules permit or via PM with consent. Never mass-post.","Strict anti-spam / self-promotion rules typical of investor forums; commercial posts restricted",Free,"Medium-High — forums penalise promotion; reputational risk if seen as spam",P3,"https://www.propertychat.com.au/community/ ; https://www.propertychat.com.au/community/tags/adelaide/",2026-08-16
Somersoft Property Investment Forums,Online forum,National,https://www.somersoft.com/,Australian property investors (long-running community),Not public,Low-Med — legacy forum, lower activity than PropertyChat,"Observe/contribute honestly; follow forum rules; low priority given uncertain activity","Forum rules on promotion apply",Free,"Medium — same forum-spam risk; uncertain current activity",P4,https://www.somersoft.com/,2026-08-16
The Property Couch (podcast),Podcast / community,National (reaches SA investors),https://thepropertycouch.com.au/,"Everyday Australian property investors (anti-spruiker audience)","13M+ downloads; 839+ episodes; 1,366+ 5-star reviews (publisher-stated)",Med — large but national not SA-only; strong honest-investor culture fit,"Pitch an honest guest appearance / listener Q&A; never buy an ad implying endorsement; align with their anti-spruiker stance","Editorial gatekept; audience allergic to spruiking — honesty essential",Free to pitch (guest); ad rates not public,"Medium — audience punishes hype; operator has own 'Moorr' software (competitor-adjacent)",P3,https://thepropertycouch.com.au/,2026-08-16
Real Estate Institute of South Australia (REISA),Association / industry body + events,SA (Adelaide),https://reisa.com.au/,"2,000+ SA real-estate professionals; 600+ offices; public investor info",2000+ members (professionals; publisher-stated),Med — reaches agents/professionals more than end-investors; useful for partner intros + events,"Attend public events; approach for partner/professional intros; do not present as REISA-endorsed","Professional body; commercial promotion to members needs permission",Event/membership dependent (contact REISA),"Low-Med — audience is professionals not investors; endorsement-implication risk",P3,https://reisa.com.au/eventsinfo/events,2026-08-16
Australian Property Investor (API) Magazine + weekly newsletter,Publication / newsletter,National,https://www.apimagazine.com.au/,"Serious Australian property investors (est. 1997)","Free weekly newsletter subscriber base not public",Med — high-intent investors but national reach,"Offer an honest expert contribution / case study (no advertorial); respect editorial standards","Editorial gatekeeping; advertorial rules",Free to pitch editorial; ad rates not public,"Low-Med — reputational risk only if content overclaims",P3,https://www.apimagazine.com.au/,2026-08-16
Smart Property Investment,Publication / podcast / community,National,https://www.smartpropertyinvestment.com.au/,Australian property investors and home buyers,Not public,Med — national investor audience,"Honest editorial contribution / expert commentary; no overclaiming","Editorial gatekeeping",Free to pitch editorial,"Low-Med — reputational only",P4,https://www.smartpropertyinvestment.com.au/,2026-08-16
Your Investment Property Magazine,Publication / newsletter,National,https://www.yourinvestmentpropertymag.com.au/,Australian property investors,Not public,Med — national investor audience,"Honest editorial contribution only","Editorial gatekeeping",Free to pitch editorial,"Low-Med — reputational only",P4,https://www.yourinvestmentpropertymag.com.au/,2026-08-16
Adelaide Property Investing (Facebook group),Social group (Facebook),Adelaide / SA (local),https://www.facebook.com/groups/adelaidepropertyinvesting/,SA property investors,Member count not verified (do not scrape),High — SA-local, self-selected investors,"Request the group admin's explicit permission before any post; contribute value first; never mass-DM or scrape the member list","Group rules + Facebook self-promotion rules; admin gatekeeps commercial posts",Free,"Medium-High — social groups penalise unsanctioned promotion; must not scrape",P3,https://www.facebook.com/groups/adelaidepropertyinvesting/,2026-08-16
Eventbrite — Adelaide property-investment events,Event discovery,Adelaide / SA,https://www.eventbrite.com.au/d/australia--adelaide/free-property-investment-workshop/,SA investors attending workshops/seminars,Per-event (e.g. 'THINK before you LEAP' 16 May 2026 Edwardstown SA),Med-High — face-to-face SA investors; verify each host is not a spruiker,"Attend as a genuine participant; network 1:1 with consent; CAUTION — many SA seminars are run by developers/buyer's agencies (Ironfish, Positive Real Estate, Nieuvision, Urbantech) with a sales agenda","Host controls the room; do not pitch over the host",Free-to-low entry (per event),"Medium — many hosts are spruiker/vendor-aligned; guilt-by-association risk",P3,https://www.eventbrite.com.au/d/australia--adelaide/free-property-investment-workshop/,2026-08-16
Property Owners Association of Australia (POAA),Association (owners/landlords),National,https://www.poaa.asn.au/,Property owners and landlords,Not public,Low-Med — owners/landlords broader than active buyers,"Approach for a permission-based member mention; no unsolicited promotion","Association-controlled member comms",Membership-dependent,"Low-Med — audience skews existing landlords vs active buyers",P4,https://www.poaa.asn.au/,2026-08-16
r/AusPropertyChat (Reddit),Online community (Reddit),National (SA threads),https://www.reddit.com/r/AusPropertyChat/,Australian property investors and buyers,Subscriber count on subreddit page (not scraped),Med — national; genuine DIY-investor discussion,"Participate authentically and build karma/reputation first; check subreddit rules; only mention Propellect where a mod/rule permits (self-promo commonly capped ~10%). Never astroturf.","Strict self-promotion caps; mods remove undisclosed marketing; anti-astroturf",Free,"High — Reddit aggressively penalises undisclosed self-promotion; transparency essential",P3,https://www.reddit.com/r/AusPropertyChat/,2026-08-16
